Time (s),Volume (m^3),N2,Ne,X(1),H2(2),CO(3),CO2(4),H2O(5),CH2O(6),HCOOH(7),CH3OH(8),HCOOCH3(9),H*(10),O*(11),OH*(12),H2O*(13),CO*(14),CO2*(15),HCO*(16),HCOO*(17),COOH*(18),HCOOH*(19),CH2O*(20),CH3O*(21),CH3O2*(22),CH3OH*(23),CH4(24)
0.0,0.002217192533333333,0.0915567593028733,0.0,0.006525197625599999,0.4515426283560999,0.0,0.4569006123410269,0.0,0.0,0.0,0.0,0.0,0.0,0.0,0.0,0.0,0.0,0.0,0.0,0.0,0.0,0.0,0.0,0.0,0.0,0.0,0.0
